PEPTIDE,GENE,ENRICHMENT/COUNT,"EXPERIMENT (F1, F2, R1)",CONFIDENCE,log2 Enrichment,p value (two-tailed T test),"p value (2-tailed with all data, including all technical replicates)"
_(ac)SENHVPAWK(ac)R_,YCR016W,0.038391,F1,HIGH,-4.70308805,,
_(ac)SENHVPAWK(ac)R_,YCR016W,0.038802,F2,HIGH,-4.687725174,,
_(ac)SENHVPAWK(ac)R_,YCR016W,0.048694975,R1,HIGH,-4.360083296,,
_(ac)SENHVPAWK(ac)R_ Count,YCR016W,3,,HIGH,,0.0006,<0.0001
_(ac)SK(ac)YIALENLPVDLQHK_,PRP4,0.083419,F1,HIGH,-3.583480172,,
_(ac)SK(ac)YIALENLPVDLQHK_,PRP4,0.069377,F2,HIGH,-3.849398733,,
_(ac)SK(ac)YIALENLPVDLQHK_,PRP4,0.088936322,R1,HIGH,-3.491083454,,
_(ac)SK(ac)YIALENLPVDLQHK_ Count,PRP4,3,,HIGH,,0.0009,<0.0001
_AEK(ac)GLELNDPK_,BFR2,0.063077,F1,HIGH,-3.986742144,,
_AEK(ac)GLELNDPK_,BFR2,NaN,F2,HIGH,,,
_AEK(ac)GLELNDPK_,BFR2,0.069705841,R1,HIGH,-3.842576631,,
_AEK(ac)GLELNDPK_ Count,BFR2,3,,HIGH,,N/A,<0.0001
_AEK(ac)K(ac)PASK_,HTB1,NaN,F1,HIGH,,,
_AEK(ac)K(ac)PASK_,HTB1,NaN,F2,HIGH,,,
_AEK(ac)K(ac)PASK_,HTB1,0.087989441,R1,HIGH,-3.506525779,,
_AEK(ac)K(ac)PASK_ Count,HTB1,3,,HIGH,,N/A,N/A
_AISQK(ac)MPTDSGR_,NRD1,0.012167,F1,HIGH,-6.360882701,,
_AISQK(ac)MPTDSGR_,NRD1,0.016519,F2,HIGH,-5.919729836,,
_AISQK(ac)MPTDSGR_,NRD1,0.025496545,R1,HIGH,-5.293554415,,
_AISQK(ac)MPTDSGR_ Count,NRD1,3,,HIGH,,0.0028,0.0001
_DFGAPANK(ac)R_,SMD1,0.02588,F1,HIGH,-5.272018572,,
_DFGAPANK(ac)R_,SMD1,0.024416,F2,HIGH,-5.356029322,,
_DFGAPANK(ac)R_,SMD1,0.031437643,R1,HIGH,-4.991363113,,
_DFGAPANK(ac)R_ Count,SMD1,3,,HIGH,,0.0004,<0.0001
_DFGAPANK(ac)RPR_,SMD1,0.0308,F1,HIGH,-5.020925839,,
_DFGAPANK(ac)RPR_,SMD1,NaN,F2,HIGH,,,
_DFGAPANK(ac)RPR_,SMD1,0.034248921,R1,HIGH,-4.867797646,,
_DFGAPANK(ac)RPR_ Count,SMD1,3,,HIGH,,N/A,<0.0001
_DSPSSVSYK(ac)R_,MXR1,0.056571,F1,HIGH,-4.143793516,,
_DSPSSVSYK(ac)R_,MXR1,0.031803,F2,HIGH,-4.974693327,,
_DSPSSVSYK(ac)R_,MXR1,0.024344524,R1,HIGH,-5.360258915,,
_DSPSSVSYK(ac)R_ Count,MXR1,3,,HIGH,,0.0055,<0.0001
_GSSSFAAK(ac)QLK_,HPC2,NaN,F1,HIGH,,,
_GSSSFAAK(ac)QLK_,HPC2,NaN,F2,HIGH,,,
_GSSSFAAK(ac)QLK_,HPC2,0.014393252,R1,HIGH,-6.118463555,,
_GSSSFAAK(ac)QLK_ Count,HPC2,3,,HIGH,,N/A,N/A
_HPSLK(ac)TLTHK_,POP7,NaN,F1,HIGH,,,
_HPSLK(ac)TLTHK_,POP7,NaN,F2,HIGH,,,
_HPSLK(ac)TLTHK_,POP7,0.03883646,R1,HIGH,-4.686444499,,
_HPSLK(ac)TLTHK_ Count,POP7,3,,HIGH,,N/A,N/A
_IDTSLLTSSK(ac)R_,ECM16,0.066736,F1,HIGH,-3.905390972,,
_IDTSLLTSSK(ac)R_,ECM16,0.075564,F2,HIGH,-3.726157117,,
_IDTSLLTSSK(ac)R_,ECM16,0.049414439,R1,HIGH,-4.338923531,,
_IDTSLLTSSK(ac)R_ Count,ECM16,3,,HIGH,,0.0021,<0.0001
_IGAAAEK(ac)R_,SGF73,NaN,F1,HIGH,,,
_IGAAAEK(ac)R_,SGF73,NaN,F2,HIGH,,,
_IGAAAEK(ac)R_,SGF73,0.00292449,R1,HIGH,-8.417599388,,
_IGAAAEK(ac)R_ Count,SGF73,3,,HIGH,,N/A,N/A
_K(ac)QLASK(ac)AAR_,HHT1,0.021685,F1,HIGH,-5.527158747,,
_K(ac)QLASK(ac)AAR_,HHT1,NaN,F2,HIGH,,,
_K(ac)QLASK(ac)AAR_,HHT1,0.046249191,R1,HIGH,-4.434428071,,
_K(ac)QLASK(ac)AAR_ Count,HHT1,3,,HIGH,,N/A,0.0066
_K(ac)SAPSTGGVK(ac)K_,HHT1,0.029105,F1,HIGH,-5.102589172,,
_K(ac)SAPSTGGVK(ac)K_,HHT1,0.036516,F2,HIGH,-4.77532745,,
_K(ac)SAPSTGGVK(ac)K_,HHT1,0.051966949,R1,HIGH,-4.266261829,,
_K(ac)SAPSTGGVK(ac)K_ Count,HHT1,3,,HIGH,,0.0027,0.0019
_KNDSDVPELATIPAAK(ac)R_,LYS20,0.03599,F1,HIGH,-4.796260088,,
_KNDSDVPELATIPAAK(ac)R_,LYS20,0.030661,F2,HIGH,-5.027451439,,
_KNDSDVPELATIPAAK(ac)R_,LYS20,0.017281902,R1,HIGH,-5.854594152,,
_KNDSDVPELATIPAAK(ac)R_ Count,LYS20,3,,HIGH,,0.0038,<0.0001
_LAQIQDDIDEVQENQQHGSK(ac)R_,HIF1,0.07743,F1,HIGH,-3.690963548,,
_LAQIQDDIDEVQENQQHGSK(ac)R_,HIF1,NaN,F2,HIGH,,,
_LAQIQDDIDEVQENQQHGSK(ac)R_,HIF1,0.076858043,R1,HIGH,-3.701659944,,
_LAQIQDDIDEVQENQQHGSK(ac)R_ Count,HIF1,3,,HIGH,,N/A,<0.0001
_MDNVSGEEEYATK(ac)K_,CDC9,NaN,F1,HIGH,,,
_MDNVSGEEEYATK(ac)K_,CDC9,NaN,F2,HIGH,,,
_MDNVSGEEEYATK(ac)K_,CDC9,0.027619732,R1,HIGH,-5.178156893,,
_MDNVSGEEEYATK(ac)K_ Count,CDC9,3,,HIGH,,N/A,N/A
_NAGLGFK(ac)TPK_,RPS11A;RPS11B,0.003505,F1,HIGH,-8.15636984,,
_NAGLGFK(ac)TPK_,RPS11A;RPS11B,0.0028464,F2,HIGH,-8.456645869,,
_NAGLGFK(ac)TPK_,RPS11A;RPS11B,0.006153846,R1,HIGH,-7.344295908,,
_NAGLGFK(ac)TPK_ Count,RPS11A;RPS11B,3,,HIGH,,0.0017,<0.0001
_NDSDVPELATIPAAK(ac)R_,LYS20,0.039158,F1,HIGH,-4.674549109,,
_NDSDVPELATIPAAK(ac)R_,LYS20,0.034643,F2,HIGH,-4.85129232,,
_NDSDVPELATIPAAK(ac)R_,LYS20,0.020728396,R1,HIGH,-5.592247719,,
_NDSDVPELATIPAAK(ac)R_ Count,LYS20,3,,HIGH,,0.0031,<0.0001
_NLAWSDK(ac)TLTK_,SPB4,NaN,F1,HIGH,,,
_NLAWSDK(ac)TLTK_,SPB4,NaN,F2,HIGH,,,
_NLAWSDK(ac)TLTK_,SPB4,0.018278528,R1,HIGH,-5.773706281,,
_NLAWSDK(ac)TLTK_ Count,SPB4,3,,HIGH,,N/A,N/A
_NSTHNPSDNQFGMK(ac)R_,RTT103,NaN,F1,HIGH,,,
_NSTHNPSDNQFGMK(ac)R_,RTT103,NaN,F2,HIGH,,,
_NSTHNPSDNQFGMK(ac)R_,RTT103,0.005502063,R1,HIGH,-7.505811554,,
_NSTHNPSDNQFGMK(ac)R_ Count,RTT103,3,,HIGH,,N/A,N/A
_PQFDHGDHGTNSSSTFISSAK(ac)R_,NAB3,0.023964,F1,HIGH,-5.382987451,,
_PQFDHGDHGTNSSSTFISSAK(ac)R_,NAB3,NaN,F2,HIGH,,,
_PQFDHGDHGTNSSSTFISSAK(ac)R_,NAB3,0.024918392,R1,HIGH,-5.326645201,,
_PQFDHGDHGTNSSSTFISSAK(ac)R_ Count,NAB3,3,,HIGH,,N/A,0.0016
_RPLDAHVGPSENAAK(ac)K_,PUS7,0.0074868,F1,HIGH,-7.061435069,,
_RPLDAHVGPSENAAK(ac)K_,PUS7,NaN,F2,HIGH,,,
_RPLDAHVGPSENAAK(ac)K_,PUS7,0.009035872,R1,HIGH,-6.790120385,,
_RPLDAHVGPSENAAK(ac)K_ Count,PUS7,3,,HIGH,,N/A,0.0002
_SIEDNHDDTSQK(ac)K_,FCP1,0.011464,F1,HIGH,-6.446745675,,
_SIEDNHDDTSQK(ac)K_,FCP1,0.012689,F2,HIGH,-6.300277813,,
_SIEDNHDDTSQK(ac)K_,FCP1,0.016493213,R1,HIGH,-5.921983712,,
_SIEDNHDDTSQK(ac)K_ Count,FCP1,3,,HIGH,,0.0006,<0.0001
_SIK(ac)ETEEGAAK_,ENP2,0.031933,F1,HIGH,-4.968808094,,
_SIK(ac)ETEEGAAK_,ENP2,0.031883,F2,HIGH,-4.971068805,,
_SIK(ac)ETEEGAAK_,ENP2,0.033985862,R1,HIGH,-4.87892148,,
_SIK(ac)ETEEGAAK_ Count,ENP2,3,,HIGH,,<0.0001,<0.0001
_SPSADIGSK(ac)K_,CHD1,0.049954,F1,HIGH,-4.323255985,,
_SPSADIGSK(ac)K_,CHD1,0.060933,F2,HIGH,-4.036632417,,
_SPSADIGSK(ac)K_,CHD1,0.05323113,R1,HIGH,-4.231586009,,
_SPSADIGSK(ac)K_ Count,CHD1,3,,HIGH,,0.0004,<0.0001
_SQAESLPIVSNK(ac)K_,RPA43,NaN,F1,HIGH,,,
_SQAESLPIVSNK(ac)K_,RPA43,NaN,F2,HIGH,,,
_SQAESLPIVSNK(ac)K_,RPA43,0.021280671,R1,HIGH,-5.554312564,,
_SQAESLPIVSNK(ac)K_ Count,RPA43,3,,HIGH,,N/A,N/A
_SSK(ac)HMLEDR_,CDC9,0.05165,F1,HIGH,-4.275087841,,
_SSK(ac)HMLEDR_,CDC9,0.054803,F2,HIGH,-4.189601319,,
_SSK(ac)HMLEDR_,CDC9,0.072950102,R1,HIGH,-3.776946192,,
_SSK(ac)HMLEDR_ Count,CDC9,3,,HIGH,,0.0014,<0.0001
_SSK(ac)SLAEIYEDDYTR_,MPP10,NaN,F1,HIGH,,,
_SSK(ac)SLAEIYEDDYTR_,MPP10,NaN,F2,HIGH,,,
_SSK(ac)SLAEIYEDDYTR_,MPP10,0.051826898,R1,HIGH,-4.270155139,,
_SSK(ac)SLAEIYEDDYTR_ Count,MPP10,3,,HIGH,,N/A,N/A
_STK(ac)TFSYK_,RPL20A;RPL20B,0.090658,F1,HIGH,-3.463421855,,
_STK(ac)TFSYK_,RPL20A;RPL20B,0.083244,F2,HIGH,-3.586509899,,
_STK(ac)TFSYK_,RPL20A;RPL20B,0.09080178,R1,HIGH,-3.461135615,,
_STK(ac)TFSYK_ Count,RPL20A;RPL20B,3,,HIGH,,0.0001,<0.0001
_STSMESANTPNMDTK(ac)R_,SGF73,NaN,F1,HIGH,,,
_STSMESANTPNMDTK(ac)R_,SGF73,NaN,F2,HIGH,,,
_STSMESANTPNMDTK(ac)R_,SGF73,0.009263548,R1,HIGH,-6.754219433,,
_STSMESANTPNMDTK(ac)R_ Count,SGF73,3,,HIGH,,N/A,N/A
_TAGK(ac)TSVK(ac)SAR_,SNF2,0.010475,F1,HIGH,-6.576905946,,
_TAGK(ac)TSVK(ac)SAR_,SNF2,0.019487,F2,HIGH,-5.681344183,,
_TAGK(ac)TSVK(ac)SAR_,SNF2,0.01424542,R1,HIGH,-6.133358022,,
_TAGK(ac)TSVK(ac)SAR_ Count,SNF2,3,,HIGH,,0.0018,<0.0001
_TFSYK(ac)RPSTFY_,RPL20A;RPL20B,NaN,F1,HIGH,,,
_TFSYK(ac)RPSTFY_,RPL20A;RPL20B,0.0010219,F2,HIGH,-9.934530259,,
_TFSYK(ac)RPSTFY_,RPL20A;RPL20B,0.00260797,R1,HIGH,-8.582857035,,
_TFSYK(ac)RPSTFY_ Count,RPL20A;RPL20B,3,,HIGH,,N/A,0.0002
_TGTPQTFSSSIK(ac)K_,SGF73,NaN,F1,HIGH,,,
_TGTPQTFSSSIK(ac)K_,SGF73,NaN,F2,HIGH,,,
_TGTPQTFSSSIK(ac)K_,SGF73,0.003521995,R1,HIGH,-8.149391482,,
_TGTPQTFSSSIK(ac)K_ Count,SGF73,3,,HIGH,,N/A,N/A
_TKPSFK(ac)SIK_,RFM1,0.016153,F1,HIGH,-5.952054057,,
_TKPSFK(ac)SIK_,RFM1,0.022948,F2,HIGH,-5.445487767,,
_TKPSFK(ac)SIK_,RFM1,0.023231502,R1,HIGH,-5.427773762,,
_TKPSFK(ac)SIK_ Count,RFM1,3,,HIGH,,0.0009,<0.0001
_TPFIPESVK(ac)NLK_,NOG1,0.090603,F1,HIGH,-3.464297369,,
_TPFIPESVK(ac)NLK_,NOG1,0.069485,F2,HIGH,-3.847154619,,
_TPFIPESVK(ac)NLK_,NOG1,0.084210526,R1,HIGH,-3.569855608,,
_TPFIPESVK(ac)NLK_ Count,NOG1,3,,HIGH,,0.001,<0.0001
_TVISSSNAYASK(ac)R_,PHR1,NaN,F1,HIGH,,,
_TVISSSNAYASK(ac)R_,PHR1,NaN,F2,HIGH,,,
_TVISSSNAYASK(ac)R_,PHR1,0.076552094,R1,HIGH,-3.707414354,,
_TVISSSNAYASK(ac)R_ Count,PHR1,3,,HIGH,,N/A,N/A
_VASSK(ac)TIGTGGTR_,BNA2,NaN,F1,HIGH,,,
_VASSK(ac)TIGTGGTR_,BNA2,0.018385,F2,HIGH,-5.765327013,,
_VASSK(ac)TIGTGGTR_,BNA2,0.022661862,R1,HIGH,-5.463589763,,
_VASSK(ac)TIGTGGTR_ Count,BNA2,3,,HIGH,,N/A,0.0005
_YASK(ac)AVPHYNR_,RPL25,0.038091,F1,HIGH,-4.714406026,,
_YASK(ac)AVPHYNR_,RPL25,0.037281,F2,HIGH,-4.745415631,,
_YASK(ac)AVPHYNR_,RPL25,0.034991952,R1,HIGH,-4.836833049,,
_YASK(ac)AVPHYNR_ Count,RPL25,3,,HIGH,,0.0001,<0.0001
_YESEK(ac)ELYNATR_,NHP6B,NaN,F1,HIGH,,,
_YESEK(ac)ELYNATR_,NHP6B,NaN,F2,HIGH,,,
_YESEK(ac)ELYNATR_,NHP6B,0.019411822,R1,HIGH,-5.686920668,,
_YESEK(ac)ELYNATR_ Count,NHP6B,3,,HIGH,,N/A,N/A
_YGYQGTK(ac)YVAK_,AIM3,NaN,F1,HIGH,,,
_YGYQGTK(ac)YVAK_,AIM3,0.077881,F2,HIGH,-3.682584781,,
_YGYQGTK(ac)YVAK_,AIM3,0.07234843,R1,HIGH,-3.788894479,,
_YGYQGTK(ac)YVAK_ Count,AIM3,3,,HIGH,,N/A,0.0002
_(ac)MEQNAEK(ac)R_,DUS3,NaN,F1,MEDIUM,,,
_(ac)MEQNAEK(ac)R_,DUS3,0.032080072,R1,MEDIUM,,,
_(ac)MEQNAEK(ac)R_ Count,DUS3,2,,MEDIUM,,,
_(ac)SEPAQK(ac)K_,TAL1,0.037054,F1,MEDIUM,,,
_(ac)SEPAQK(ac)K_,TAL1,0.058014736,R1,MEDIUM,,,
_(ac)SEPAQK(ac)K_ Count,TAL1,2,,MEDIUM,,,
_(ac)SSAAEK(ac)K_,HTB2,0.021699,F1,MEDIUM,,,
_(ac)SSAAEK(ac)K_,HTB2,0.044171562,R1,MEDIUM,,,
_(ac)SSAAEK(ac)K_ Count,HTB2,2,,MEDIUM,,,
_(ac)SYNGIGLK(ac)SAK_,CWC21,NaN,F2,MEDIUM,,,
_(ac)SYNGIGLK(ac)SAK_,CWC21,0.061398662,R1,MEDIUM,,,
_(ac)SYNGIGLK(ac)SAK_ Count,CWC21,2,,MEDIUM,,,
_AGK(ac)FPTPVSHNDDLYGK_,RPL1A;RPL1B,0.082728,F1,MEDIUM,,,
_AGK(ac)FPTPVSHNDDLYGK_,RPL1A;RPL1B,0.079516539,R1,MEDIUM,,,
_AGK(ac)FPTPVSHNDDLYGK_ Count,RPL1A;RPL1B,2,,MEDIUM,,,
_APAEKK(ac)PAAK_,HTB2;HTB1,0.036717,F1,MEDIUM,,,
_APAEKK(ac)PAAK_,HTB1;HTB2,0.094215187,R1,MEDIUM,,,
_APAEKK(ac)PAAK_ Count,HTB1;HTB2,2,,MEDIUM,,,
_DNYYSQK(ac)K_,DBP10,NaN,F1,MEDIUM,,,
_DNYYSQK(ac)K_,DBP10,0.058061894,R1,MEDIUM,,,
_DNYYSQK(ac)K_ Count,DBP10,2,,MEDIUM,,,
_EAHK(ac)NAVIAAR_,SAS10,0.088548,F1,MEDIUM,,,
_EAHK(ac)NAVIAAR_,SAS10,0.05787372,R1,MEDIUM,,,
_EAHK(ac)NAVIAAR_ Count,SAS10,2,,MEDIUM,,,
_EQEEQALK(ac)R_,HCR1,0.089174,F1,MEDIUM,,,
_EQEEQALK(ac)R_,HCR1,0.085638435,R1,MEDIUM,,,
_EQEEQALK(ac)R_ Count,HCR1,2,,MEDIUM,,,
_ESK(ac)TVDNYEAR_,NHP2,NaN,F2,MEDIUM,,,
_ESK(ac)TVDNYEAR_,NHP2,0.094277364,R1,MEDIUM,,,
_ESK(ac)TVDNYEAR_ Count,NHP2,2,,MEDIUM,,,
_ESSESEAVK(ac)K_,CIC1,NaN,F2,MEDIUM,,,
_ESSESEAVK(ac)K_,CIC1,0.062053987,R1,MEDIUM,,,
_ESSESEAVK(ac)K_ Count,CIC1,2,,MEDIUM,,,
_GGIK(ac)SLR_,LCP5,NaN,F1,MEDIUM,,,
_GGIK(ac)SLR_,LCP5,0.014733616,R1,MEDIUM,,,
_GGIK(ac)SLR_ Count,LCP5,2,,MEDIUM,,,
_HFNGLK(ac)VPK_,BMS1,NaN,F1,MEDIUM,,,
_HFNGLK(ac)VPK_,BMS1,0.007850526,R1,MEDIUM,,,
_HFNGLK(ac)VPK_ Count,BMS1,2,,MEDIUM,,,
_HLTHGLK(ac)K_,IRA1,0.039465,F1,MEDIUM,,,
_HLTHGLK(ac)K_,IRA1,0.013005085,R1,MEDIUM,,,
_HLTHGLK(ac)K_ Count,IRA1,2,,MEDIUM,,,
_INELVGNK(ac)R_,RFM1,0.042556,F1,MEDIUM,,,
_INELVGNK(ac)R_,RFM1,0.07183908,R1,MEDIUM,,,
_INELVGNK(ac)R_ Count,RFM1,2,,MEDIUM,,,
_ISSGIDAGK(ac)K_,NET1,NaN,F1,MEDIUM,,,
_ISSGIDAGK(ac)K_,NET1,0.089790787,R1,MEDIUM,,,
_ISSGIDAGK(ac)K_ Count,NET1,2,,MEDIUM,,,
_KDSPSSVSYK(ac)R_,MXR1,NaN,F2,MEDIUM,,,
_KDSPSSVSYK(ac)R_,MXR1,0.034185697,R1,MEDIUM,,,
_KDSPSSVSYK(ac)R_ Count,MXR1,2,,MEDIUM,,,
_KQETPSSNK(ac)R_,POL32,0.010959,F1,MEDIUM,,,
_KQETPSSNK(ac)R_,POL32,0.014926933,R1,MEDIUM,,,
_KQETPSSNK(ac)R_ Count,POL32,2,,MEDIUM,,,
_KSSK(ac)HMLEDR_,CDC9,0.05563,F1,MEDIUM,,,
_KSSK(ac)HMLEDR_,CDC9,0.069686411,R1,MEDIUM,,,
_KSSK(ac)HMLEDR_ Count,CDC9,2,,MEDIUM,,,
_LHYGEK(ac)K_,PLP2,NaN,F1,MEDIUM,,,
_LHYGEK(ac)K_,PLP2,0.064399794,R1,MEDIUM,,,
_LHYGEK(ac)K_ Count,PLP2,2,,MEDIUM,,,
_QEMQTALK(ac)R_,SWC4,NaN,F1,MEDIUM,,,
_QEMQTALK(ac)R_,SWC4,0.034285322,R1,MEDIUM,,,
_QEMQTALK(ac)R_ Count,SWC4,2,,MEDIUM,,,
_QGGGSNK(ac)FLK_,NIP1,NaN,F1,MEDIUM,,,
_QGGGSNK(ac)FLK_,NIP1,0.082637799,R1,MEDIUM,,,
_QGGGSNK(ac)FLK_ Count,NIP1,2,,MEDIUM,,,
_RYESEK(ac)ELYNATLA_,NHP6A,NaN,F2,MEDIUM,,,
_RYESEK(ac)ELYNATLA_,NHP6A,0.097809077,R1,MEDIUM,,,
_RYESEK(ac)ELYNATLA_ Count,NHP6A,2,,MEDIUM,,,
_RYESEK(ac)ELYNATR_,NHP6B,NaN,F2,MEDIUM,,,
_RYESEK(ac)ELYNATR_,NHP6B,0.013581052,R1,MEDIUM,,,
_RYESEK(ac)ELYNATR_ Count,NHP6B,2,,MEDIUM,,,
_SFK(ac)TISAQALVR_,MIP6,0.072207,F1,MEDIUM,,,
_SFK(ac)TISAQALVR_,MIP6,0.041322314,R1,MEDIUM,,,
_SFK(ac)TISAQALVR_ Count,MIP6,2,,MEDIUM,,,
_SMK(ac)LNVK_,SAS4,NaN,F1,MEDIUM,,,
_SMK(ac)LNVK_,SAS4,0.063597049,R1,MEDIUM,,,
_SMK(ac)LNVK_ Count,SAS4,2,,MEDIUM,,,
_SSSK(ac)QYR_,SPT5,0.09166,F1,MEDIUM,,,
_SSSK(ac)QYR_,SPT5,0.075597218,R1,MEDIUM,,,
_SSSK(ac)QYR_ Count,SPT5,2,,MEDIUM,,,
_VSFK(ac)NTR_,RPL17A;RPL17B,NaN,F1,MEDIUM,,,
_VSFK(ac)NTR_,RPL17A;RPL17B,0.036630037,R1,MEDIUM,,,
_VSFK(ac)NTR_ Count,RPL17A;RPL17B,2,,MEDIUM,,,
_YLPGK(ac)HPK_,RSC4,0.015421,F1,MEDIUM,,,
_YLPGK(ac)HPK_,RSC4,0.022374869,R1,MEDIUM,,,
_YLPGK(ac)HPK_ Count,RSC4,2,,MEDIUM,,,